<?xml version = '1.0' encoding = 'UTF-8'?>
<Relation class="oracle.dbtools.crest.model.design.logical.Relation" name="contact_have_phones" directorySegmentName="seg_0" id="B82DA88C-E520-C449-B975-817AA31839C3">
<createdBy>vanes</createdBy>
<createdTime>2025-05-12 00:45:13 UTC</createdTime>
<ownerDesignName>agenda_contacts</ownerDesignName>
<engineerTo>
<item key="595D0823-C914-0C33-7A96-A690457CD134" value="true"/>
</engineerTo>
<sourcePk>242DE817-95C0-0E15-3197-3DF186261A8F</sourcePk>
<identifying>false</identifying>
<optionalSource>true</optionalSource>
<optionalTarget>true</optionalTarget>
<sourceCardinality>1</sourceCardinality>
<sourceEntity>39DB849D-2A08-5CF2-F7E7-9777C2C8D1C0</sourceEntity>
<targetCardinalityString>*</targetCardinalityString>
<targetEntity>AB71E73D-E96F-DDBE-9549-0D82615B0A27</targetEntity>
<transferable>true</transferable>
<deleteRule>NO ACTION</deleteRule>
</Relation>
