<?xml version = '1.0' encoding = 'UTF-8'?>
<relationalModel class="oracle.dbtools.crest.model.design.relational.RelationalDesign" name="Relational_1" id="595D0823-C914-0C33-7A96-A690457CD134" mainViewID="841E8C1B-A32A-BBED-4A3B-5C31F62109D5">
<createdBy>vanes</createdBy>
<createdTime>2025-05-12 00:10:37 UTC</createdTime>
<ownerDesignName>agenda_contacts</ownerDesignName>
<shouldBeOpen>false</shouldBeOpen>
<selectedRDBMSSite>32076570-2523-435C-2E92-BF29817DFF70</selectedRDBMSSite>
</relationalModel>
