<?xml version = '1.0' encoding = 'UTF-8'?>
<Entity class="oracle.dbtools.crest.model.design.logical.Entity" directorySegmentName="seg_0" id="39DB849D-2A08-5CF2-F7E7-9777C2C8D1C0" name="contact">
<createdBy>vanes</createdBy>
<createdTime>2025-05-12 00:33:11 UTC</createdTime>
<ownerDesignName>agenda_contacts</ownerDesignName>
<engineerTo>
<item key="595D0823-C914-0C33-7A96-A690457CD134" value="true"/>
</engineerTo>
<adequatelyNormalized>NO</adequatelyNormalized>
<expectedVolumes>0</expectedVolumes>
<fwdEngineeringStrategyName>Single Table</fwdEngineeringStrategyName>
<growthPercent>0</growthPercent>
<growthType>Year</growthType>
<maxVolumes>9999999</maxVolumes>
<minVolumes>0</minVolumes>
<normalForm>Third</normalForm>
<attributes itemClass="oracle.dbtools.crest.model.design.logical.Attribute">
<Attribute name="contact_id" id="539D760C-6905-3D47-1955-565ADE2B8724">
<createdBy>vanes</createdBy>
<createdTime>2025-05-12 00:33:36 UTC</createdTime>
<ownerDesignName>agenda_contacts</ownerDesignName>
<engineerTo>
<item key="595D0823-C914-0C33-7A96-A690457CD134" value="true"/>
</engineerTo>
<useDomainConstraints>false</useDomainConstraints>
<use>1</use>
<logicalDatatype>LOGDT027</logicalDatatype>
<ownDataTypeParameters>,,</ownDataTypeParameters>
</Attribute>
<Attribute name="name" id="10C6C1B8-0789-B78F-CF5C-495C1783D03C">
<createdBy>vanes</createdBy>
<createdTime>2025-05-12 00:33:58 UTC</createdTime>
<ownerDesignName>agenda_contacts</ownerDesignName>
<engineerTo>
<item key="595D0823-C914-0C33-7A96-A690457CD134" value="true"/>
</engineerTo>
<useDomainConstraints>false</useDomainConstraints>
<use>1</use>
<logicalDatatype>LOGDT024</logicalDatatype>
<dataTypeSize>60 CHAR</dataTypeSize>
<ownDataTypeParameters>60 CHAR,,</ownDataTypeParameters>
</Attribute>
<Attribute name="email" id="F09C0CB7-57B1-ED59-CD23-1A61C24DBFCB">
<createdBy>vanes</createdBy>
<createdTime>2025-05-12 00:34:08 UTC</createdTime>
<ownerDesignName>agenda_contacts</ownerDesignName>
<engineerTo>
<item key="595D0823-C914-0C33-7A96-A690457CD134" value="true"/>
</engineerTo>
<nullsAllowed>true</nullsAllowed>
<useDomainConstraints>false</useDomainConstraints>
<use>1</use>
<logicalDatatype>LOGDT024</logicalDatatype>
<dataTypeSize>60 CHAR</dataTypeSize>
<ownDataTypeParameters>60 CHAR,,</ownDataTypeParameters>
</Attribute>
<Attribute name="birth_day" id="CF4C81BC-438F-83B4-C1E6-91C966A0130F">
<createdBy>vanes</createdBy>
<createdTime>2025-05-12 00:34:20 UTC</createdTime>
<ownerDesignName>agenda_contacts</ownerDesignName>
<engineerTo>
<item key="595D0823-C914-0C33-7A96-A690457CD134" value="true"/>
</engineerTo>
<nullsAllowed>true</nullsAllowed>
<useDomainConstraints>false</useDomainConstraints>
<use>1</use>
<logicalDatatype>LOGDT007</logicalDatatype>
<ownDataTypeParameters>,,</ownDataTypeParameters>
</Attribute>
<Attribute name="observation" id="33FABC4C-1688-D34E-30CB-714DD5954BCC">
<createdBy>vanes</createdBy>
<createdTime>2025-05-12 00:34:27 UTC</createdTime>
<ownerDesignName>agenda_contacts</ownerDesignName>
<engineerTo>
<item key="595D0823-C914-0C33-7A96-A690457CD134" value="true"/>
</engineerTo>
<nullsAllowed>true</nullsAllowed>
<useDomainConstraints>false</useDomainConstraints>
<use>1</use>
<logicalDatatype>LOGDT040</logicalDatatype>
<ownDataTypeParameters>,,</ownDataTypeParameters>
</Attribute>
</attributes>
<identifiers itemClass="oracle.dbtools.crest.model.design.logical.CandidateKey">
<identifier id="242DE817-95C0-0E15-3197-3DF186261A8F" name="contact PK">
<createdBy>vanes</createdBy>
<createdTime>2025-05-12 00:33:50 UTC</createdTime>
<ownerDesignName>agenda_contacts</ownerDesignName>
<engineerTo>
<item key="595D0823-C914-0C33-7A96-A690457CD134" value="true"/>
</engineerTo>
<pk>true</pk>
<usedAttributes>
<attributeRef>539D760C-6905-3D47-1955-565ADE2B8724</attributeRef>
</usedAttributes>
</identifier>
</identifiers>
</Entity>
