<?xml version = '1.0' encoding = 'UTF-8'?>
<Entity class="oracle.dbtools.crest.model.design.logical.Entity" directorySegmentName="seg_0" id="D06996A4-9B83-29FC-1F29-A2368A6CF463" name="address">
<createdBy>vanes</createdBy>
<createdTime>2025-05-12 00:39:35 UTC</createdTime>
<ownerDesignName>agenda_contacts</ownerDesignName>
<engineerTo>
<item key="595D0823-C914-0C33-7A96-A690457CD134" value="true"/>
</engineerTo>
<adequatelyNormalized>NO</adequatelyNormalized>
<expectedVolumes>0</expectedVolumes>
<fwdEngineeringStrategyName>Single Table</fwdEngineeringStrategyName>
<growthPercent>0</growthPercent>
<growthType>Year</growthType>
<maxVolumes>9999999</maxVolumes>
<minVolumes>0</minVolumes>
<normalForm>Third</normalForm>
<attributes itemClass="oracle.dbtools.crest.model.design.logical.Attribute">
<Attribute name="address_id" id="47292DD8-1670-82F7-1E7C-EC42C58C96AA">
<createdBy>vanes</createdBy>
<createdTime>2025-05-12 00:39:41 UTC</createdTime>
<ownerDesignName>agenda_contacts</ownerDesignName>
<engineerTo>
<item key="595D0823-C914-0C33-7A96-A690457CD134" value="true"/>
</engineerTo>
<useDomainConstraints>false</useDomainConstraints>
<use>1</use>
<logicalDatatype>LOGDT027</logicalDatatype>
<ownDataTypeParameters>,,</ownDataTypeParameters>
</Attribute>
<Attribute name="contact_id" id="80391493-BE34-663F-BBAF-5CC0704302A9">
<createdBy>vanes</createdBy>
<createdTime>2025-05-12 00:50:13 UTC</createdTime>
<generatorID>C851AD4C-4117-21A4-9F88-0BAA30D4C508</generatorID>
<ownerDesignName>agenda_contacts</ownerDesignName>
<engineerTo>
<item key="595D0823-C914-0C33-7A96-A690457CD134" value="true"/>
</engineerTo>
<nullsAllowed>true</nullsAllowed>
<referedAttribute>539D760C-6905-3D47-1955-565ADE2B8724</referedAttribute>
<useDomainConstraints>false</useDomainConstraints>
<use>1</use>
<logicalDatatype>LOGDT027</logicalDatatype>
<ownDataTypeParameters>,,</ownDataTypeParameters>
</Attribute>
<Attribute name="street_name" id="EC6DA475-0A4C-728B-B99E-6101F772C4BA">
<createdBy>vanes</createdBy>
<createdTime>2025-05-12 00:39:48 UTC</createdTime>
<ownerDesignName>agenda_contacts</ownerDesignName>
<engineerTo>
<item key="595D0823-C914-0C33-7A96-A690457CD134" value="true"/>
</engineerTo>
<useDomainConstraints>false</useDomainConstraints>
<use>1</use>
<logicalDatatype>LOGDT024</logicalDatatype>
<dataTypeSize>150 CHAR</dataTypeSize>
<ownDataTypeParameters>150 CHAR,,</ownDataTypeParameters>
</Attribute>
<Attribute name="street_number" id="E4A854D8-283E-49C8-4F95-128B415B0C7E">
<createdBy>vanes</createdBy>
<createdTime>2025-05-12 00:40:09 UTC</createdTime>
<ownerDesignName>agenda_contacts</ownerDesignName>
<engineerTo>
<item key="595D0823-C914-0C33-7A96-A690457CD134" value="true"/>
</engineerTo>
<nullsAllowed>true</nullsAllowed>
<useDomainConstraints>false</useDomainConstraints>
<use>1</use>
<logicalDatatype>LOGDT024</logicalDatatype>
<dataTypeSize>5</dataTypeSize>
<ownDataTypeParameters>5,,</ownDataTypeParameters>
</Attribute>
<Attribute name="neighborhood" id="6343B79C-BC6D-3495-361F-D620173211C6">
<createdBy>vanes</createdBy>
<createdTime>2025-05-12 00:41:33 UTC</createdTime>
<ownerDesignName>agenda_contacts</ownerDesignName>
<engineerTo>
<item key="595D0823-C914-0C33-7A96-A690457CD134" value="true"/>
</engineerTo>
<nullsAllowed>true</nullsAllowed>
<useDomainConstraints>false</useDomainConstraints>
<use>1</use>
<logicalDatatype>LOGDT024</logicalDatatype>
<dataTypeSize>20 CHAR</dataTypeSize>
<ownDataTypeParameters>20 CHAR,,</ownDataTypeParameters>
</Attribute>
<Attribute name="zipcode" id="0B966794-D59E-86F8-5BBC-24E6E0C31DFC">
<createdBy>vanes</createdBy>
<createdTime>2025-05-12 00:42:00 UTC</createdTime>
<ownerDesignName>agenda_contacts</ownerDesignName>
<engineerTo>
<item key="595D0823-C914-0C33-7A96-A690457CD134" value="true"/>
</engineerTo>
<nullsAllowed>true</nullsAllowed>
<useDomainConstraints>false</useDomainConstraints>
<use>1</use>
<logicalDatatype>LOGDT024</logicalDatatype>
<dataTypeSize>20 CHAR</dataTypeSize>
<ownDataTypeParameters>20 CHAR,,</ownDataTypeParameters>
</Attribute>
<Attribute name="city" id="ECBA9C6B-2B15-64FD-D026-C80F659B1F44">
<createdBy>vanes</createdBy>
<createdTime>2025-05-12 00:42:13 UTC</createdTime>
<ownerDesignName>agenda_contacts</ownerDesignName>
<engineerTo>
<item key="595D0823-C914-0C33-7A96-A690457CD134" value="true"/>
</engineerTo>
<useDomainConstraints>false</useDomainConstraints>
<use>1</use>
<logicalDatatype>LOGDT024</logicalDatatype>
<dataTypeSize>20 CHAR</dataTypeSize>
<ownDataTypeParameters>20 CHAR,,</ownDataTypeParameters>
</Attribute>
<Attribute name="state" id="341B5586-9192-D4FF-4E7C-0EC0C667F88A">
<createdBy>vanes</createdBy>
<createdTime>2025-05-12 00:42:27 UTC</createdTime>
<ownerDesignName>agenda_contacts</ownerDesignName>
<engineerTo>
<item key="595D0823-C914-0C33-7A96-A690457CD134" value="true"/>
</engineerTo>
<useDomainConstraints>false</useDomainConstraints>
<use>1</use>
<logicalDatatype>LOGDT024</logicalDatatype>
<dataTypeSize>20 CHAR</dataTypeSize>
<ownDataTypeParameters>20 CHAR,,</ownDataTypeParameters>
</Attribute>
<Attribute name="country" id="114B4FDE-0BBE-30AD-29FE-626900785DEE">
<createdBy>vanes</createdBy>
<createdTime>2025-05-12 00:42:50 UTC</createdTime>
<ownerDesignName>agenda_contacts</ownerDesignName>
<engineerTo>
<item key="595D0823-C914-0C33-7A96-A690457CD134" value="true"/>
</engineerTo>
<useDomainConstraints>false</useDomainConstraints>
<use>1</use>
<logicalDatatype>LOGDT024</logicalDatatype>
<dataTypeSize>20 CHAR</dataTypeSize>
<ownDataTypeParameters>20 CHAR,,</ownDataTypeParameters>
</Attribute>
</attributes>
<identifiers itemClass="oracle.dbtools.crest.model.design.logical.CandidateKey">
<identifier id="99D7A55C-206E-69F7-C6A8-5AD9AC6F69D6" name="address PK">
<createdBy>vanes</createdBy>
<createdTime>2025-05-12 00:39:46 UTC</createdTime>
<ownerDesignName>agenda_contacts</ownerDesignName>
<engineerTo>
<item key="595D0823-C914-0C33-7A96-A690457CD134" value="true"/>
</engineerTo>
<pk>true</pk>
<usedAttributes>
<attributeRef>47292DD8-1670-82F7-1E7C-EC42C58C96AA</attributeRef>
</usedAttributes>
</identifier>
</identifiers>
</Entity>
